enum_id,submissions,short_duration_rate,high_dont_know_rate,module_missing_rate
EN01,61,0,0,0
EN02,72,0,0,0
EN03,94,37.234039,0,0
EN04,100,1,0,0
EN05,75,1.3333334,0,0
EN06,76,1.3157895,0,0
EN07,74,0,0,0
EN08,73,1.369863,0,0
EN09,65,1.5384616,0,0
EN10,79,0,0,0
EN11,97,1.0309278,19.587629,0
EN12,66,1.5151515,0,0
EN13,77,0,0,0
EN14,61,0,0,0
EN15,61,0,0,0
EN16,69,0,0,0
